AnnoA;AteneoCOD;AteneoNOME;ClasseNUMERO;ClasseNOME;Sesso;Isc
2017/2018;1502;Milano Politecnico;LM-31;Ingegneria gestionale;M;1142
2017/2018;1502;Milano Politecnico;LM-20;Ingegneria aerospaziale e astronautica;M;664
2017/2018;1502;Milano Politecnico;LM-29;Ingegneria elettronica;M;246
2017/2018;1502;Milano Politecnico;LM-3;Architettura del paesaggio;F;20
2017/2018;1502;Milano Politecnico;LM-3;Architettura del paesaggio;M;15
2017/2018;1502;Milano Politecnico;LM-30;Ingegneria energetica e nucleare;F;208
2017/2018;1502;Milano Politecnico;LM-28;Ingegneria elettrica;M;353
2017/2018;1502;Milano Politecnico;LM-31;Ingegneria gestionale;F;566
2017/2018;1502;Milano Politecnico;LM-28;Ingegneria elettrica;F;61
2017/2018;1502;Milano Politecnico;LM-32;Ingegneria informatica;F;135
2017/2018;1502;Milano Politecnico;LM-32;Ingegneria informatica;M;898
2017/2018;1502;Milano Politecnico;LM-33;Ingegneria meccanica;F;93
2017/2018;1502;Milano Politecnico;LM-33;Ingegneria meccanica;M;1100
2017/2018;1502;Milano Politecnico;LM-35;Ingegneria per l'ambiente e il territorio;F;169
2017/2018;1502;Milano Politecnico;LM-35;Ingegneria per l'ambiente e il territorio;M;194
2017/2018;1502;Milano Politecnico;LM-30;Ingegneria energetica e nucleare;M;839
2017/2018;1502;Milano Politecnico;LM-24;Ingegneria dei sistemi edilizi;M;529
2017/2018;1504;Milano Cattolica;1;Biotecnologie;M;1
2017/2018;1502;Milano Politecnico;LM-21;Ingegneria biomedica;M;460
2017/2018;1502;Milano Politecnico;LM-22;Ingegneria chimica;F;127
2017/2018;1502;Milano Politecnico;LM-22;Ingegneria chimica;M;218
2017/2018;1502;Milano Politecnico;LM-23;Ingegneria civile;F;174
2017/2018;1502;Milano Politecnico;LM-29;Ingegneria elettronica;F;59
2017/2018;1502;Milano Politecnico;LM-24;Ingegneria dei sistemi edilizi;F;394
2017/2018;1502;Milano Politecnico;LM-4 C.U.;Architettura e ingegneria edile-architettura (quinquennale);F;344
2017/2018;1502;Milano Politecnico;LM-25;Ingegneria dell'automazione;F;47
2017/2018;1502;Milano Politecnico;LM-25;Ingegneria dell'automazione;M;415
2017/2018;1502;Milano Politecnico;LM-26;Ingegneria della sicurezza;F;40
2017/2018;1502;Milano Politecnico;LM-26;Ingegneria della sicurezza;M;78
2017/2018;1502;Milano Politecnico;LM-27;Ingegneria delle telecomunicazioni;F;64
2017/2018;1502;Milano Politecnico;LM-27;Ingegneria delle telecomunicazioni;M;235
2017/2018;1502;Milano Politecnico;LM-23;Ingegneria civile;M;521
2017/2018;1503;Milano Bocconi;LM-56;Scienze dell'economia;F;198
2017/2018;1503;Milano Bocconi;99998;Corsi del vecchio ordinamento;M;58
2017/2018;1503;Milano Bocconi;L-18;Scienze dell'economia e della gestione aziendale;F;2644
2017/2018;1503;Milano Bocconi;L-18;Scienze dell'economia e della gestione aziendale;M;3574
2017/2018;1503;Milano Bocconi;L-33;Scienze economiche;F;394
2017/2018;1503;Milano Bocconi;L-33;Scienze economiche;M;875
2017/2018;1502;Milano Politecnico;LM-4;Architettura e ingegneria edile-architettura;F;1987
2017/2018;1503;Milano Bocconi;L-36;Scienze politiche e delle relazioni internazionali;M;106
2017/2018;1503;Milano Bocconi;64/S;Scienze dell'economia;M;1
2017/2018;1503;Milano Bocconi;LM-56;Scienze dell'economia;M;367
2017/2018;1503;Milano Bocconi;LM-77;Scienze economico-aziendali;F;1624
2017/2018;1503;Milano Bocconi;LM-77;Scienze economico-aziendali;M;1864
2017/2018;1503;Milano Bocconi;LMG/01;Classe delle lauree magistrali in giurisprudenza;F;868
2017/2018;1503;Milano Bocconi;LMG/01;Classe delle lauree magistrali in giurisprudenza;M;655
2017/2018;1503;Milano Bocconi;L-36;Scienze politiche e delle relazioni internazionali;F;137
2017/2018;1503;Milano Bocconi;17;Scienze dell'economia e della gestione aziendale;F;6
2017/2018;1502;Milano Politecnico;LM-20;Ingegneria aerospaziale e astronautica;F;100
2017/2018;1502;Milano Politecnico;LM-4 C.U.;Architettura e ingegneria edile-architettura (quinquennale);M;390
2017/2018;1502;Milano Politecnico;LM-44;Modellistica matematico-fisica per l'ingegneria;F;172
2017/2018;1502;Milano Politecnico;LM-44;Modellistica matematico-fisica per l'ingegneria;M;367
2017/2018;1502;Milano Politecnico;LM-48;Pianificazione territoriale urbanistica e ambientale;F;124
2017/2018;1502;Milano Politecnico;LM-48;Pianificazione territoriale urbanistica e ambientale;M;71
2017/2018;1503;Milano Bocconi;99998;Corsi del vecchio ordinamento;F;32
2017/2018;1502;Milano Politecnico;LM-53;Scienza e ingegneria dei materiali;M;417
2017/2018;1503;Milano Bocconi;84/S;Scienze economico-aziendali;M;1
2017/2018;1503;Milano Bocconi;17;Scienze dell'economia e della gestione aziendale;M;14
2017/2018;1503;Milano Bocconi;22/S;Giurisprudenza;F;1
2017/2018;1503;Milano Bocconi;28;Scienze economiche;F;4
2017/2018;1503;Milano Bocconi;28;Scienze economiche;M;4
2017/2018;1503;Milano Bocconi;31;Scienze giuridiche;F;1
2017/2018;1502;Milano Politecnico;LM-4;Architettura e ingegneria edile-architettura;M;1448
2017/2018;1502;Milano Politecnico;LM-53;Scienza e ingegneria dei materiali;F;163
2017/2018;1502;Milano Politecnico;103/S;Teorie e metodi del disegno industriale;M;8
2017/2018;1502;Milano Politecnico;LM-21;Ingegneria biomedica;F;582
2017/2018;1501;Milano;SNT_SPEC/1;Classe delle lauree specialistiche nelle scienze infermieristiche e ostetriche;F;1
2017/2018;1501;Milano;SNT_SPEC/3;Classe delle lauree specialistiche nelle scienze delle professioni sanitarie tecniche;M;1
2017/2018;1501;Milano;SNT_SPEC/4;Classe delle lauree specialistiche nelle scienze delle professioni sanitarie della prevenzione;M;1
2017/2018;1502;Milano Politecnico;10;Ingegneria industriale;F;2
2017/2018;1501;Milano;SNT/3;Professioni sanitarie tecniche;M;2
2017/2018;1502;Milano Politecnico;103/S;Teorie e metodi del disegno industriale;F;6
2017/2018;1501;Milano;SNT/3;Professioni sanitarie tecniche;F;4
2017/2018;1502;Milano Politecnico;25/S;Ingegneria aerospaziale e astronautica;F;1
2017/2018;1502;Milano Politecnico;25/S;Ingegneria aerospaziale e astronautica;M;3
2017/2018;1502;Milano Politecnico;27/S;Ingegneria chimica;M;1
2017/2018;1502;Milano Politecnico;28/S;Ingegneria civile;M;2
2017/2018;1502;Milano Politecnico;30/S;Ingegneria delle telecomunicazioni;M;1
2017/2018;1502;Milano Politecnico;33/S;Ingegneria energetica e nucleare;F;1
2017/2018;1502;Milano Politecnico;10;Ingegneria industriale;M;10
2017/2018;1501;Milano;LM-92;Teorie della comunicazione;M;74
2017/2018;1501;Milano;LM-88;Sociologia e ricerca sociale;F;4
2017/2018;1501;Milano;LM-88;Sociologia e ricerca sociale;M;3
2017/2018;1501;Milano;LM-89;Storia dell'arte;F;189
2017/2018;1501;Milano;LM-89;Storia dell'arte;M;54
2017/2018;1501;Milano;LM-9;Biotecnologie mediche, veterinarie e farmaceutiche;F;220
2017/2018;1501;Milano;SNT/4;Professioni sanitarie della prevenzione;F;1
2017/2018;1501;Milano;LM-92;Teorie della comunicazione;F;320
2017/2018;1502;Milano Politecnico;34/S;Ingegneria gestionale;M;2
2017/2018;1501;Milano;LMG/01;Classe delle lauree magistrali in giurisprudenza;F;3483
2017/2018;1501;Milano;LMG/01;Classe delle lauree magistrali in giurisprudenza;M;1988
2017/2018;1501;Milano;SNT/1;Professioni sanitarie, infermieristiche e professione sanitaria ostetrica;F;19
2017/2018;1501;Milano;SNT/1;Professioni sanitarie, infermieristiche e professione sanitaria ostetrica;M;6
2017/2018;1501;Milano;SNT/2;Professioni sanitarie della riabilitazione;F;2
2017/2018;1501;Milano;SNT/2;Professioni sanitarie della riabilitazione;M;1
2017/2018;1501;Milano;LM-9;Biotecnologie mediche, veterinarie e farmaceutiche;M;79
2017/2018;1502;Milano Politecnico;L-7;Ingegneria civile e ambientale;M;1021
2017/2018;1502;Milano Politecnico;L-21;Scienze della pianificazione territoriale, urbanistica, paesaggistica e ambientale;F;122
2017/2018;1502;Milano Politecnico;L-21;Scienze della pianificazione territoriale, urbanistica, paesaggistica e ambientale;M;153
2017/2018;1502;Milano Politecnico;L-23;Scienze e tecniche dell'edilizia;F;218
2017/2018;1502;Milano Politecnico;L-23;Scienze e tecniche dell'edilizia;M;303
2017/2018;1502;Milano Politecnico;L-4;Disegno industriale;F;1651
2017/2018;1502;Milano Politecnico;33/S;Ingegneria energetica e nucleare;M;2
2017/2018;1502;Milano Politecnico;L-7;Ingegneria civile e ambientale;F;401
2017/2018;1502;Milano Politecnico;99998;Corsi del vecchio ordinamento;M;253
2017/2018;1502;Milano Politecnico;L-8;Ingegneria dell'informazione;F;1245
2017/2018;1502;Milano Politecnico;L-8;Ingegneria dell'informazione;M;4979
2017/2018;1502;Milano Politecnico;L-9;Ingegneria industriale;F;2266
2017/2018;1502;Milano Politecnico;L-9;Ingegneria industriale;M;8801
2017/2018;1502;Milano Politecnico;LM-12;Design;F;1033
2017/2018;1502;Milano Politecnico;LM-12;Design;M;549
2017/2018;1502;Milano Politecnico;L-4;Disegno industriale;M;1093
2017/2018;1502;Milano Politecnico;42;Disegno industriale;M;2
2017/2018;1504;Milano Cattolica;13;Scienze dei beni culturali;F;4
2017/2018;1502;Milano Politecnico;35/S;Ingegneria informatica;M;5
2017/2018;1502;Milano Politecnico;36/S;Ingegneria meccanica;M;2
2017/2018;1502;Milano Politecnico;4;Scienze dell'architettura e dell'ingegneria edile;F;5
2017/2018;1502;Milano Politecnico;4;Scienze dell'architettura e dell'ingegneria edile;M;11
2017/2018;1502;Milano Politecnico;4/S;Architettura e ingegneria edile;F;11
2017/2018;1502;Milano Politecnico;L-17;Scienze dell'architettura;M;1622
2017/2018;1502;Milano Politecnico;42;Disegno industriale;F;1
2017/2018;1502;Milano Politecnico;L-17;Scienze dell'architettura;F;1911
2017/2018;1502;Milano Politecnico;54/S;Pianificazione territoriale urbanistica e ambientale;F;1
2017/2018;1502;Milano Politecnico;8;Ingegneria civile e ambientale;M;2
2017/2018;1502;Milano Politecnico;9;Ingegneria dell'informazione;F;4
2017/2018;1502;Milano Politecnico;9;Ingegneria dell'informazione;M;8
2017/2018;1502;Milano Politecnico;99998;Corsi del vecchio ordinamento;F;81
2017/2018;1502;Milano Politecnico;34/S;Ingegneria gestionale;F;1
2017/2018;1502;Milano Politecnico;4/S;Architettura e ingegneria edile;M;15
2017/2018;1504;Milano Cattolica;L-39;Servizio sociale;F;321
2017/2018;1504;Milano Cattolica;L-2;Biotecnologie;F;48
2017/2018;1504;Milano Cattolica;L-33;Scienze economiche;F;200
2017/2018;1504;Milano Cattolica;L-33;Scienze economiche;M;534
2017/2018;1504;Milano Cattolica;L-35;Scienze matematiche;F;81
2017/2018;1504;Milano Cattolica;L-35;Scienze matematiche;M;67
2017/2018;1504;Milano Cattolica;L-30;Scienze e tecnologie fisiche;F;2
2017/2018;1504;Milano Cattolica;L-36;Scienze politiche e delle relazioni internazionali;M;393
2017/2018;1504;Milano Cattolica;L-3;Discipline delle arti figurative, della musica, dello spettacolo e della moda;M;51
2017/2018;1504;Milano Cattolica;L-39;Servizio sociale;M;22
2017/2018;1504;Milano Cattolica;L-40;Sociologia;F;192
2017/2018;1504;Milano Cattolica;L-40;Sociologia;M;61
2017/2018;1504;Milano Cattolica;L-5;Filosofia;F;90
2017/2018;1504;Milano Cattolica;L-5;Filosofia;M;105
2017/2018;1504;Milano Cattolica;LM/SNT1;Scienze infermieristiche e ostetriche;F;59
2017/2018;1504;Milano Cattolica;L-36;Scienze politiche e delle relazioni internazionali;F;515
2017/2018;1504;Milano Cattolica;L-25;Scienze e tecnologie agrarie e forestali;F;65
2017/2018;1504;Milano Cattolica;1;Biotecnologie;F;2
2017/2018;1504;Milano Cattolica;L-20;Scienze della comunicazione;F;843
2017/2018;1504;Milano Cattolica;L-20;Scienze della comunicazione;M;328
2017/2018;1504;Milano Cattolica;L-22;Scienze delle attivit… motorie e sportive;F;197
2017/2018;1504;Milano Cattolica;L-22;Scienze delle attivit… motorie e sportive;M;549
2017/2018;1504;Milano Cattolica;L-30;Scienze e tecnologie fisiche;M;7
2017/2018;1504;Milano Cattolica;L-24;Scienze e tecniche psicologiche;M;204
2017/2018;1504;Milano Cattolica;LM/SNT2;Scienze riabilitative delle professioni sanitarie;M;12
2017/2018;1504;Milano Cattolica;L-25;Scienze e tecnologie agrarie e forestali;M;211
2017/2018;1504;Milano Cattolica;L-26;Scienze e tecnologie alimentari;F;169
2017/2018;1504;Milano Cattolica;L-26;Scienze e tecnologie alimentari;M;171
2017/2018;1504;Milano Cattolica;L-29;Scienze e tecnologie farmaceutiche;F;63
2017/2018;1504;Milano Cattolica;L-29;Scienze e tecnologie farmaceutiche;M;4
2017/2018;1504;Milano Cattolica;L-3;Discipline delle arti figurative, della musica, dello spettacolo e della moda;F;93
2017/2018;1504;Milano Cattolica;L-24;Scienze e tecniche psicologiche;F;1048
2017/2018;1504;Milano Cattolica;LM-51;Psicologia;M;117
2017/2018;1504;Milano Cattolica;LM-41;Medicina e chirurgia;F;1140
2017/2018;1504;Milano Cattolica;LM-41;Medicina e chirurgia;M;841
2017/2018;1504;Milano Cattolica;LM-46;Odontoiatria e protesi dentaria;F;78
2017/2018;1504;Milano Cattolica;LM-46;Odontoiatria e protesi dentaria;M;63
2017/2018;1504;Milano Cattolica;LM-50;Programmazione e gestione dei servizi educativi;F;328
2017/2018;1504;Milano Cattolica;LM/SNT1;Scienze infermieristiche e ostetriche;M;23
2017/2018;1504;Milano Cattolica;LM-51;Psicologia;F;667
2017/2018;1504;Milano Cattolica;LM-38;Lingue moderne per la comunicazione e la cooperazione internazionale;M;63
2017/2018;1504;Milano Cattolica;LM-52;Relazioni internazionali;F;157
2017/2018;1504;Milano Cattolica;LM-52;Relazioni internazionali;M;109
2017/2018;1504;Milano Cattolica;LM-56;Scienze dell'economia;F;91
2017/2018;1504;Milano Cattolica;LM-56;Scienze dell'economia;M;131
2017/2018;1504;Milano Cattolica;LM-59;Scienze della comunicazione pubblica, d'impresa e pubblicit…;F;268
2017/2018;1504;Milano Cattolica;LM-59;Scienze della comunicazione pubblica, d'impresa e pubblicit…;M;68
2017/2018;1504;Milano Cattolica;LM-50;Programmazione e gestione dei servizi educativi;M;36
2017/2018;1504;Milano Cattolica;LM-19;Informazione e sistemi editoriali;M;33
2017/2018;1504;Milano Cattolica;L-19;Scienze dell'educazione e della formazione;M;141
2017/2018;1504;Milano Cattolica;LM-14;Filologia moderna;F;216
2017/2018;1504;Milano Cattolica;LM-14;Filologia moderna;M;70
2017/2018;1504;Milano Cattolica;LM-15;Filologia, letterature e storia dell'antichit…;F;34
2017/2018;1504;Milano Cattolica;LM-15;Filologia, letterature e storia dell'antichit…;M;22
2017/2018;1504;Milano Cattolica;LM-17;Fisica;F;7
2017/2018;1504;Milano Cattolica;LM-40;Matematica;M;15
2017/2018;1504;Milano Cattolica;LM-19;Informazione e sistemi editoriali;F;126
2017/2018;1504;Milano Cattolica;LM-40;Matematica;F;20
2017/2018;1504;Milano Cattolica;LM-2;Archeologia;F;29
2017/2018;1504;Milano Cattolica;LM-2;Archeologia;M;13
2017/2018;1504;Milano Cattolica;LM-37;Lingue e letterature moderne europee e americane;F;208
2017/2018;1504;Milano Cattolica;LM-37;Lingue e letterature moderne europee e americane;M;17
2017/2018;1504;Milano Cattolica;LM-38;Lingue moderne per la comunicazione e la cooperazione internazionale;F;528
2017/2018;1504;Milano Cattolica;LM/SNT2;Scienze riabilitative delle professioni sanitarie;F;35
2017/2018;1504;Milano Cattolica;LM-17;Fisica;M;7
2017/2018;1504;Milano Cattolica;32;Scienze matematiche;F;3
2017/2018;1504;Milano Cattolica;L-2;Biotecnologie;M;10
2017/2018;1504;Milano Cattolica;29;Filosofia;F;4
2017/2018;1504;Milano Cattolica;29;Filosofia;M;5
2017/2018;1504;Milano Cattolica;3;Scienze della mediazione linguistica;F;13
2017/2018;1504;Milano Cattolica;3;Scienze della mediazione linguistica;M;2
2017/2018;1504;Milano Cattolica;28;Scienze economiche;F;1
2017/2018;1504;Milano Cattolica;31;Scienze giuridiche;M;8
2017/2018;1504;Milano Cattolica;25;Scienze e tecnologie fisiche;M;1
2017/2018;1504;Milano Cattolica;32;Scienze matematiche;M;2
2017/2018;1504;Milano Cattolica;33;Scienze delle attivit… motorie e sportive;F;1
2017/2018;1504;Milano Cattolica;33;Scienze delle attivit… motorie e sportive;M;5
2017/2018;1504;Milano Cattolica;34;Scienze e tecniche psicologiche;F;5
2017/2018;1504;Milano Cattolica;36;Scienze sociologiche;F;2
2017/2018;1504;Milano Cattolica;43/S;Lingue straniere per la comunicazione internazionale;F;2
2017/2018;1504;Milano Cattolica;31;Scienze giuridiche;F;10
2017/2018;1504;Milano Cattolica;17;Scienze dell'economia e della gestione aziendale;M;34
2017/2018;1504;Milano Cattolica;13;Scienze dei beni culturali;M;1
2017/2018;1504;Milano Cattolica;14;Scienze della comunicazione;F;7
2017/2018;1504;Milano Cattolica;14;Scienze della comunicazione;M;4
2017/2018;1504;Milano Cattolica;15;Scienze politiche e delle relazioni internazionali;F;2
2017/2018;1504;Milano Cattolica;15;Scienze politiche e delle relazioni internazionali;M;2
2017/2018;1504;Milano Cattolica;28;Scienze economiche;M;5
2017/2018;1504;Milano Cattolica;17;Scienze dell'economia e della gestione aziendale;F;27
2017/2018;1504;Milano Cattolica;5;Lettere;F;5
2017/2018;1504;Milano Cattolica;18;Scienze dell'educazione e della formazione;F;20
2017/2018;1504;Milano Cattolica;18;Scienze dell'educazione e della formazione;M;1
2017/2018;1504;Milano Cattolica;20;Scienze e tecnologie agrarie, agroalimentari e forestali;F;5
2017/2018;1504;Milano Cattolica;20;Scienze e tecnologie agrarie, agroalimentari e forestali;M;3
2017/2018;1504;Milano Cattolica;23;Scienze e tecnologie delle arti figurative, della musica, dello spettacolo e della moda;F;3
2017/2018;1504;Milano Cattolica;24;Scienze e tecnologie farmaceutiche;F;1
2017/2018;1504;Milano Cattolica;16/S;Filologia moderna;F;1
2017/2018;1504;Milano Cattolica;L-12;Mediazione linguistica;F;3271
2017/2018;1504;Milano Cattolica;L/SNT3;Professioni sanitarie tecniche;M;104
2017/2018;1504;Milano Cattolica;L/SNT4;Professioni sanitarie della prevenzione;F;33
2017/2018;1504;Milano Cattolica;L/SNT4;Professioni sanitarie della prevenzione;M;58
2017/2018;1504;Milano Cattolica;L-1;Beni culturali;F;316
2017/2018;1504;Milano Cattolica;L-1;Beni culturali;M;67
2017/2018;1504;Milano Cattolica;46/S;Medicina e chirurgia;F;18
2017/2018;1504;Milano Cattolica;L-10;Lettere;M;213
2017/2018;1504;Milano Cattolica;L/SNT2;Professioni sanitarie della riabilitazione;F;259
2017/2018;1504;Milano Cattolica;L-12;Mediazione linguistica;M;578
2017/2018;1504;Milano Cattolica;L-14;Scienze dei servizi giuridici;F;135
2017/2018;1504;Milano Cattolica;L-14;Scienze dei servizi giuridici;M;62
2017/2018;1504;Milano Cattolica;L-18;Scienze dell'economia e della gestione aziendale;F;3397
2017/2018;1504;Milano Cattolica;L-18;Scienze dell'economia e della gestione aziendale;M;3901
2017/2018;1504;Milano Cattolica;L-19;Scienze dell'educazione e della formazione;F;1446
2017/2018;1504;Milano Cattolica;L-10;Lettere;F;530
2017/2018;1504;Milano Cattolica;89/S;Sociologia;F;1
2017/2018;1501;Milano;LM-84;Scienze storiche;M;295
2017/2018;1504;Milano Cattolica;5;Lettere;M;5
2017/2018;1504;Milano Cattolica;52/S;Odontoiatria e protesi dentaria;F;1
2017/2018;1504;Milano Cattolica;52/S;Odontoiatria e protesi dentaria;M;1
2017/2018;1504;Milano Cattolica;58/S;Psicologia;F;3
2017/2018;1504;Milano Cattolica;6;Scienze del servizio sociale;F;2
2017/2018;1504;Milano Cattolica;L/SNT3;Professioni sanitarie tecniche;F;198
2017/2018;1504;Milano Cattolica;84/S;Scienze economico-aziendali;M;1
2017/2018;1504;Milano Cattolica;L/SNT2;Professioni sanitarie della riabilitazione;M;144
2017/2018;1504;Milano Cattolica;97/S;Storia medievale;F;1
2017/2018;1504;Milano Cattolica;99998;Corsi del vecchio ordinamento;F;100
2017/2018;1504;Milano Cattolica;99998;Corsi del vecchio ordinamento;M;5
2017/2018;1504;Milano Cattolica;L/SNT1;Professioni sanitarie, infermieristiche e professione sanitaria ostetrica;F;1027
2017/2018;1504;Milano Cattolica;L/SNT1;Professioni sanitarie, infermieristiche e professione sanitaria ostetrica;M;334
2017/2018;1504;Milano Cattolica;46/S;Medicina e chirurgia;M;15
2017/2018;1504;Milano Cattolica;84/S;Scienze economico-aziendali;F;2
2017/2018;1501;Milano;71/S;Scienze delle pubbliche amministrazioni;F;1
2017/2018;1501;Milano;38;Scienze storiche;M;29
2017/2018;1501;Milano;60/S;Relazioni internazionali;M;1
2017/2018;1501;Milano;62/S;Scienze chimiche;F;1
2017/2018;1501;Milano;64/S;Scienze dell'economia;M;2
2017/2018;1501;Milano;67/S;Scienze della comunicazione sociale e istituzionale;F;1
2017/2018;1501;Milano;6/S;Biologia;F;1
2017/2018;1501;Milano;70/S;Scienze della politica;F;2
2017/2018;1501;Milano;57/S;Programmazione e gestione delle politiche e dei servizi sociali;F;1
2017/2018;1501;Milano;73/S;Scienze dello spettacolo e della produzione multimediale;F;4
2017/2018;1501;Milano;73/S;Scienze dello spettacolo e della produzione multimediale;M;1
2017/2018;1501;Milano;75/S;Scienze e tecnica dello sport;M;2
2017/2018;1501;Milano;79/S;Scienze e tecnologie agrozootecniche;F;1
2017/2018;1501;Milano;8/S;Biotecnologie industriali;F;1
2017/2018;1501;Milano;94/S;Storia contemporanea;F;2
2017/2018;1501;Milano;67/S;Scienze della comunicazione sociale e istituzionale;M;1
2017/2018;1501;Milano;47/S;Medicina veterinaria;F;89
2017/2018;1501;Milano;LM-86;Scienze zootecniche e tecnologie  animali;M;40
2017/2018;1501;Milano;40;Scienze e tecnologie zootecniche e delle produzioni animali;M;3
2017/2018;1501;Milano;42/S;Lingue e letterature moderne euroamericane;F;4
2017/2018;1501;Milano;42/S;Lingue e letterature moderne euroamericane;M;1
2017/2018;1501;Milano;43/S;Lingue straniere per la comunicazione internazionale;F;2
2017/2018;1501;Milano;6/S;Biologia;M;1
2017/2018;1501;Milano;46/S;Medicina e chirurgia;M;19
2017/2018;1501;Milano;99998;Corsi del vecchio ordinamento;F;543
2017/2018;1501;Milano;47/S;Medicina veterinaria;M;22
2017/2018;1501;Milano;5;Lettere;F;37
2017/2018;1501;Milano;5;Lettere;M;12
2017/2018;1501;Milano;51/S;Musicologia e beni musicali;F;2
2017/2018;1501;Milano;52/S;Odontoiatria e protesi dentaria;F;3
2017/2018;1501;Milano;52/S;Odontoiatria e protesi dentaria;M;4
2017/2018;1501;Milano;46/S;Medicina e chirurgia;F;34
2017/2018;1501;Milano;L-18;Scienze dell'economia e della gestione aziendale;F;146
2017/2018;1501;Milano;L-12;Mediazione linguistica;M;361
2017/2018;1501;Milano;L-13;Scienze biologiche;F;400
2017/2018;1501;Milano;L-13;Scienze biologiche;M;175
2017/2018;1501;Milano;L-14;Scienze dei servizi giuridici;F;660
2017/2018;1501;Milano;L-14;Scienze dei servizi giuridici;M;336
2017/2018;1501;Milano;95/S;Storia dell'arte;F;1
2017/2018;1501;Milano;L-16;Scienze dell'amministrazione e dell'organizzazione;M;450
2017/2018;1501;Milano;L-11;Lingue e culture moderne;F;2198
2017/2018;1501;Milano;L-18;Scienze dell'economia e della gestione aziendale;M;274
2017/2018;1501;Milano;L-2;Biotecnologie;F;486
2017/2018;1501;Milano;L-2;Biotecnologie;M;309
2017/2018;1501;Milano;L-20;Scienze della comunicazione;F;1009
2017/2018;1501;Milano;L-20;Scienze della comunicazione;M;631
2017/2018;1501;Milano;L-22;Scienze delle attivit… motorie e sportive;F;233
2017/2018;1501;Milano;L-16;Scienze dell'amministrazione e dell'organizzazione;F;529
2017/2018;1501;Milano;L/SNT4;Professioni sanitarie della prevenzione;F;82
2017/2018;1501;Milano;38;Scienze storiche;F;11
2017/2018;1501;Milano;99998;Corsi del vecchio ordinamento;M;372
2017/2018;1501;Milano;L/SNT1;Professioni sanitarie, infermieristiche e professione sanitaria ostetrica;F;1452
2017/2018;1501;Milano;L/SNT1;Professioni sanitarie, infermieristiche e professione sanitaria ostetrica;M;412
2017/2018;1501;Milano;L/SNT2;Professioni sanitarie della riabilitazione;F;831
2017/2018;1501;Milano;L/SNT2;Professioni sanitarie della riabilitazione;M;323
2017/2018;1501;Milano;L-12;Mediazione linguistica;F;1933
2017/2018;1501;Milano;L/SNT3;Professioni sanitarie tecniche;M;264
2017/2018;1501;Milano;L-11;Lingue e culture moderne;M;530
2017/2018;1501;Milano;L/SNT4;Professioni sanitarie della prevenzione;M;61
2017/2018;1501;Milano;L-1;Beni culturali;F;1832
2017/2018;1501;Milano;L-1;Beni culturali;M;512
2017/2018;1501;Milano;L-10;Lettere;F;1497
2017/2018;1501;Milano;L-10;Lettere;M;682
2017/2018;1501;Milano;96/S;Storia della filosofia;F;2
2017/2018;1501;Milano;L/SNT3;Professioni sanitarie tecniche;F;457
2017/2018;1501;Milano;16;Scienze della Terra;F;1
2017/2018;1501;Milano;40;Scienze e tecnologie zootecniche e delle produzioni animali;F;8
2017/2018;1501;Milano;14;Scienze della comunicazione;F;21
2017/2018;1501;Milano;14;Scienze della comunicazione;M;6
2017/2018;1501;Milano;14/S;Farmacia e farmacia industriale;F;156
2017/2018;1501;Milano;14/S;Farmacia e farmacia industriale;M;59
2017/2018;1501;Milano;13;Scienze dei beni culturali;F;65
2017/2018;1501;Milano;15;Scienze politiche e delle relazioni internazionali;M;31
2017/2018;1501;Milano;12;Scienze biologiche;M;9
2017/2018;1501;Milano;16;Scienze della Terra;M;3
2017/2018;1501;Milano;16/S;Filologia moderna;F;2
2017/2018;1501;Milano;16/S;Filologia moderna;M;1
2017/2018;1501;Milano;19;Scienze dell'amministrazione;F;13
2017/2018;1501;Milano;19;Scienze dell'amministrazione;M;16
2017/2018;1501;Milano;2;Scienze dei servizi giuridici;F;7
2017/2018;1501;Milano;15;Scienze politiche e delle relazioni internazionali;F;37
2017/2018;1501;Milano;13;Scienze dei beni culturali;M;12
2017/2018;1501;Milano;20;Scienze e tecnologie agrarie, agroalimentari e forestali;M;29
2017/2018;1501;Milano;1;Biotecnologie;F;12
2017/2018;1501;Milano;1;Biotecnologie;M;6
2017/2018;1501;Milano;11;Lingue e culture moderne;F;34
2017/2018;1501;Milano;11;Lingue e culture moderne;M;6
2017/2018;1501;Milano;12;Scienze biologiche;F;20
2017/2018;1501;Milano;30;Scienze geografiche;M;7
2017/2018;1501;Milano;28;Scienze economiche;F;2
2017/2018;1501;Milano;28;Scienze economiche;M;5
2017/2018;1501;Milano;29;Filosofia;F;22
2017/2018;1501;Milano;29;Filosofia;M;18
2017/2018;1501;Milano;3;Scienze della mediazione linguistica;F;28
2017/2018;1501;Milano;2;Scienze dei servizi giuridici;M;4
2017/2018;1501;Milano;30;Scienze geografiche;F;12
2017/2018;1501;Milano;26;Scienze e tecnologie informatiche;M;135
2017/2018;1501;Milano;31;Scienze giuridiche;F;14
2017/2018;1501;Milano;31;Scienze giuridiche;M;7
2017/2018;1501;Milano;32;Scienze matematiche;F;7
2017/2018;1501;Milano;32;Scienze matematiche;M;5
2017/2018;1501;Milano;33;Scienze delle attivit… motorie e sportive;F;4
2017/2018;1501;Milano;33;Scienze delle attivit… motorie e sportive;M;15
2017/2018;1501;Milano;3;Scienze della mediazione linguistica;M;4
2017/2018;1501;Milano;23/S;Informatica;M;4
2017/2018;1501;Milano;L-25;Scienze e tecnologie agrarie e forestali;M;1298
2017/2018;1501;Milano;21;Scienze e tecnologie chimiche;F;5
2017/2018;1501;Milano;21;Scienze e tecnologie chimiche;M;12
2017/2018;1501;Milano;21/S;Geografia;F;2
2017/2018;1501;Milano;21/S;Geografia;M;1
2017/2018;1501;Milano;22/S;Giurisprudenza;F;5
2017/2018;1501;Milano;27;Scienze e tecnologie per l'ambiente e la natura;M;6
2017/2018;1501;Milano;23/S;Informatica;F;1
2017/2018;1501;Milano;27;Scienze e tecnologie per l'ambiente e la natura;F;6
2017/2018;1501;Milano;24;Scienze e tecnologie farmaceutiche;F;18
2017/2018;1501;Milano;24;Scienze e tecnologie farmaceutiche;M;2
2017/2018;1501;Milano;25;Scienze e tecnologie fisiche;F;4
2017/2018;1501;Milano;25;Scienze e tecnologie fisiche;M;14
2017/2018;1501;Milano;26;Scienze e tecnologie informatiche;F;14
2017/2018;1501;Milano;20;Scienze e tecnologie agrarie, agroalimentari e forestali;F;15
2017/2018;1501;Milano;22/S;Giurisprudenza;M;2
2017/2018;1501;Milano;LM-61;Scienze della nutrizione umana;F;376
2017/2018;1501;Milano;L-22;Scienze delle attivit… motorie e sportive;M;622
2017/2018;1501;Milano;LM-59;Scienze della comunicazione pubblica, d'impresa e pubblicit…;F;377
2017/2018;1501;Milano;LM-59;Scienze della comunicazione pubblica, d'impresa e pubblicit…;M;123
2017/2018;1501;Milano;LM-6;Biologia;F;311
2017/2018;1501;Milano;LM-6;Biologia;M;161
2017/2018;1501;Milano;LM-56;Scienze dell'economia;F;47
2017/2018;1501;Milano;LM-60;Scienze della natura;M;45
2017/2018;1501;Milano;LM-55;Scienze cognitive;M;56
2017/2018;1501;Milano;LM-61;Scienze della nutrizione umana;M;102
2017/2018;1501;Milano;LM-62;Scienze della politica;F;160
2017/2018;1501;Milano;LM-62;Scienze della politica;M;160
2017/2018;1501;Milano;LM-63;Scienze delle pubbliche amministrazioni;F;94
2017/2018;1501;Milano;LM-63;Scienze delle pubbliche amministrazioni;M;54
2017/2018;1501;Milano;LM-65;Scienze dello spettacolo e produzione multimediale;F;6
2017/2018;1501;Milano;LM-60;Scienze della natura;F;28
2017/2018;1501;Milano;LM-5;Archivistica e biblioteconomia;F;4
2017/2018;1501;Milano;LM-41;Medicina e chirurgia;M;1287
2017/2018;1501;Milano;LM-42;Medicina veterinaria;F;439
2017/2018;1501;Milano;LM-42;Medicina veterinaria;M;176
2017/2018;1501;Milano;LM-45;Musicologia e beni musicali;F;113
2017/2018;1501;Milano;LM-45;Musicologia e beni musicali;M;64
2017/2018;1501;Milano;LM-56;Scienze dell'economia;M;62
2017/2018;1501;Milano;LM-46;Odontoiatria e protesi dentaria;M;187
2017/2018;1501;Milano;LM-66;Sicurezza informatica;M;66
2017/2018;1501;Milano;LM-5;Archivistica e biblioteconomia;M;3
2017/2018;1501;Milano;LM-52;Relazioni internazionali;F;268
2017/2018;1501;Milano;LM-52;Relazioni internazionali;M;136
2017/2018;1501;Milano;LM-54;Scienze chimiche;F;65
2017/2018;1501;Milano;LM-54;Scienze chimiche;M;86
2017/2018;1501;Milano;LM-55;Scienze cognitive;F;135
2017/2018;1501;Milano;LM-46;Odontoiatria e protesi dentaria;F;169
2017/2018;1501;Milano;LM-8;Biotecnologie industriali;M;55
2017/2018;1501;Milano;LM-76;Scienze economiche per l'ambiente e la cultura;F;53
2017/2018;1501;Milano;LM-76;Scienze economiche per l'ambiente e la cultura;M;53
2017/2018;1501;Milano;LM-77;Scienze economico-aziendali;F;78
2017/2018;1501;Milano;LM-77;Scienze economico-aziendali;M;115
2017/2018;1501;Milano;LM-78;Scienze filosofiche;F;167
2017/2018;1501;Milano;LM-65;Scienze dello spettacolo e produzione multimediale;M;2
2017/2018;1501;Milano;LM-8;Biotecnologie industriali;F;38
2017/2018;1501;Milano;LM-73;Scienze e tecnologie forestali ed ambientali;M;21
2017/2018;1501;Milano;LM-80;Scienze geografiche;F;15
2017/2018;1501;Milano;LM-80;Scienze geografiche;M;10
2017/2018;1501;Milano;LM-81;Scienze per la cooperazione allo sviluppo;F;46
2017/2018;1501;Milano;LM-81;Scienze per la cooperazione allo sviluppo;M;23
2017/2018;1501;Milano;LM-84;Scienze storiche;F;133
2017/2018;1504;Milano Cattolica;LM-67;Scienze e tecniche delle attivit… motorie preventive e adattate;F;66
2017/2018;1501;Milano;LM-78;Scienze filosofiche;M;228
2017/2018;1501;Milano;LM-7;Biotecnologie agrarie;M;15
2017/2018;1501;Milano;LM-40;Matematica;F;59
2017/2018;1501;Milano;LM-67;Scienze e tecniche delle attivit… motorie preventive e adattate;F;70
2017/2018;1501;Milano;LM-67;Scienze e tecniche delle attivit… motorie preventive e adattate;M;72
2017/2018;1501;Milano;LM-68;Scienze e tecniche dello sport;F;62
2017/2018;1501;Milano;LM-68;Scienze e tecniche dello sport;M;314
2017/2018;1501;Milano;LM-69;Scienze e tecnologie agrarie;F;67
2017/2018;1501;Milano;LM-74;Scienze e tecnologie geologiche;M;56
2017/2018;1501;Milano;LM-7;Biotecnologie agrarie;F;30
2017/2018;1501;Milano;LM-74;Scienze e tecnologie geologiche;F;34
2017/2018;1501;Milano;LM-70;Scienze e tecnologie alimentari;F;178
2017/2018;1501;Milano;LM-70;Scienze e tecnologie alimentari;M;160
2017/2018;1501;Milano;LM-71;Scienze e tecnologie della chimica industriale;F;37
2017/2018;1501;Milano;LM-71;Scienze e tecnologie della chimica industriale;M;57
2017/2018;1501;Milano;LM-73;Scienze e tecnologie forestali ed ambientali;F;15
2017/2018;1501;Milano;LM-66;Sicurezza informatica;F;12
2017/2018;1501;Milano;LM-69;Scienze e tecnologie agrarie;M;188
2017/2018;1501;Milano;L-38;Scienze zootecniche e tecnologie delle produzioni animali;M;301
2017/2018;1501;Milano;L-35;Scienze matematiche;F;255
2017/2018;1501;Milano;L-35;Scienze matematiche;M;314
2017/2018;1501;Milano;L-36;Scienze politiche e delle relazioni internazionali;F;1448
2017/2018;1501;Milano;L-36;Scienze politiche e delle relazioni internazionali;M;1380
2017/2018;1501;Milano;L-37;Scienze sociali per la cooperazione, lo sviluppo e la pace;F;305
2017/2018;1501;Milano;L-6;Geografia;F;269
2017/2018;1501;Milano;L-38;Scienze zootecniche e tecnologie delle produzioni animali;F;764
2017/2018;1501;Milano;L-33;Scienze economiche;M;188
2017/2018;1501;Milano;L-42;Storia;F;425
2017/2018;1501;Milano;L-42;Storia;M;1003
2017/2018;1501;Milano;L-43;Diagnostica per la conservazione dei beni culturali;F;183
2017/2018;1501;Milano;L-43;Diagnostica per la conservazione dei beni culturali;M;51
2017/2018;1501;Milano;L-5;Filosofia;F;846
2017/2018;1501;Milano;LM-41;Medicina e chirurgia;F;1526
2017/2018;1501;Milano;L-37;Scienze sociali per la cooperazione, lo sviluppo e la pace;M;143
2017/2018;1501;Milano;L-30;Scienze e tecnologie fisiche;M;618
2017/2018;1501;Milano;LM-86;Scienze zootecniche e tecnologie  animali;F;74
2017/2018;1501;Milano;L-26;Scienze e tecnologie alimentari;F;531
2017/2018;1501;Milano;L-26;Scienze e tecnologie alimentari;M;536
2017/2018;1501;Milano;L-27;Scienze e tecnologie chimiche;F;246
2017/2018;1501;Milano;L-27;Scienze e tecnologie chimiche;M;521
2017/2018;1501;Milano;L-29;Scienze e tecnologie farmaceutiche;F;410
2017/2018;1501;Milano;L-34;Scienze geologiche;M;200
2017/2018;1501;Milano;L-30;Scienze e tecnologie fisiche;F;246
2017/2018;1501;Milano;L-34;Scienze geologiche;F;124
2017/2018;1501;Milano;L-31;Scienze e tecnologie informatiche;F;255
2017/2018;1501;Milano;L-31;Scienze e tecnologie informatiche;M;1866
2017/2018;1501;Milano;L-32;Scienze e tecnologie per l'ambiente e la natura;F;157
2017/2018;1501;Milano;L-32;Scienze e tecnologie per l'ambiente e la natura;M;129
2017/2018;1501;Milano;L-33;Scienze economiche;F;130
2017/2018;1501;Milano;L-6;Geografia;M;305
2017/2018;1501;Milano;L-29;Scienze e tecnologie farmaceutiche;M;160
2017/2018;1501;Milano;LM-2;Archeologia;F;61
2017/2018;1501;Milano;LM-16;Finanza;M;68
2017/2018;1501;Milano;LM-17;Fisica;F;68
2017/2018;1501;Milano;LM-17;Fisica;M;197
2017/2018;1501;Milano;LM-18;Informatica;F;48
2017/2018;1501;Milano;LM-18;Informatica;M;276
2017/2018;1501;Milano;L-5;Filosofia;M;981
2017/2018;1501;Milano;LM-19;Informazione e sistemi editoriali;M;3
2017/2018;1501;Milano;LM-15;Filologia, letterature e storia dell'antichit…;F;76
2017/2018;1501;Milano;LM-2;Archeologia;M;25
2017/2018;1501;Milano;LM-37;Lingue e letterature moderne europee e americane;F;379
2017/2018;1501;Milano;LM-37;Lingue e letterature moderne europee e americane;M;82
2017/2018;1501;Milano;LM-38;Lingue moderne per la comunicazione e la cooperazione internazionale;F;514
2017/2018;1501;Milano;LM-38;Lingue moderne per la comunicazione e la cooperazione internazionale;M;84
2017/2018;1501;Milano;L-25;Scienze e tecnologie agrarie e forestali;F;453
2017/2018;1501;Milano;LM-19;Informazione e sistemi editoriali;F;4
2017/2018;1501;Milano;LM-11;Scienze per la conservazione dei beni culturali;F;32
2017/2018;1501;Milano;LM/SNT1;Scienze infermieristiche e ostetriche;F;48
2017/2018;1501;Milano;LM/SNT1;Scienze infermieristiche e ostetriche;M;18
2017/2018;1501;Milano;LM/SNT2;Scienze riabilitative delle professioni sanitarie;F;45
2017/2018;1501;Milano;LM/SNT2;Scienze riabilitative delle professioni sanitarie;M;6
2017/2018;1501;Milano;LM/SNT3;Scienze delle professioni sanitarie tecniche;F;48
2017/2018;1501;Milano;LM/SNT3;Scienze delle professioni sanitarie tecniche;M;39
2017/2018;1501;Milano;LM-16;Finanza;F;51
2017/2018;1501;Milano;LM/SNT4;Scienze delle professioni sanitarie della prevenzione;M;24
2017/2018;1501;Milano;LM-15;Filologia, letterature e storia dell'antichit…;M;42
2017/2018;1501;Milano;LM-11;Scienze per la conservazione dei beni culturali;M;6
2017/2018;1501;Milano;LM-13;Farmacia e farmacia industriale;F;1822
2017/2018;1501;Milano;LM-13;Farmacia e farmacia industriale;M;690
2017/2018;1501;Milano;LM-14;Filologia moderna;F;460
2017/2018;1501;Milano;LM-14;Filologia moderna;M;177
2017/2018;1501;Milano;LM-40;Matematica;M;130
2017/2018;1501;Milano;LM/SNT4;Scienze delle professioni sanitarie della prevenzione;F;13
2017/2018;1504;Milano Cattolica;LM-63;Scienze delle pubbliche amministrazioni;F;82
2017/2018;1509;Milano Bicocca;12;Scienze biologiche;F;14
2017/2018;1508;Milano San Raffaele;L/SNT3;Professioni sanitarie tecniche;F;62
2017/2018;1508;Milano San Raffaele;LM-9;Biotecnologie mediche, veterinarie e farmaceutiche;F;68
2017/2018;1508;Milano San Raffaele;LM-9;Biotecnologie mediche, veterinarie e farmaceutiche;M;29
2017/2018;1509;Milano Bicocca;1;Biotecnologie;F;9
2017/2018;1509;Milano Bicocca;1;Biotecnologie;M;2
2017/2018;1508;Milano San Raffaele;LM-78;Scienze filosofiche;F;27
2017/2018;1509;Milano Bicocca;1/S;Antropologia culturale ed etnologia;M;1
2017/2018;1508;Milano San Raffaele;LM-51;Psicologia;M;29
2017/2018;1509;Milano Bicocca;12;Scienze biologiche;M;4
2017/2018;1509;Milano Bicocca;14;Scienze della comunicazione;F;2
2017/2018;1509;Milano Bicocca;14;Scienze della comunicazione;M;3
2017/2018;1509;Milano Bicocca;16;Scienze della Terra;F;1
2017/2018;1509;Milano Bicocca;17;Scienze dell'economia e della gestione aziendale;F;29
2017/2018;1509;Milano Bicocca;17;Scienze dell'economia e della gestione aziendale;M;14
2017/2018;1509;Milano Bicocca;1/S;Antropologia culturale ed etnologia;F;2
2017/2018;1508;Milano San Raffaele;LM/SNT2;Scienze riabilitative delle professioni sanitarie;F;6
2017/2018;1508;Milano San Raffaele;L-2;Biotecnologie;F;109
2017/2018;1508;Milano San Raffaele;L-2;Biotecnologie;M;24
2017/2018;1508;Milano San Raffaele;L-24;Scienze e tecniche psicologiche;F;192
2017/2018;1508;Milano San Raffaele;L-24;Scienze e tecniche psicologiche;M;47
2017/2018;1508;Milano San Raffaele;LM-78;Scienze filosofiche;M;57
2017/2018;1508;Milano San Raffaele;L-5;Filosofia;M;106
2017/2018;1509;Milano Bicocca;19;Scienze dell'amministrazione;F;1
2017/2018;1508;Milano San Raffaele;LM/SNT2;Scienze riabilitative delle professioni sanitarie;M;6
2017/2018;1508;Milano San Raffaele;LM-41;Medicina e chirurgia;F;579
2017/2018;1508;Milano San Raffaele;LM-41;Medicina e chirurgia;M;531
2017/2018;1508;Milano San Raffaele;LM-46;Odontoiatria e protesi dentaria;F;103
2017/2018;1508;Milano San Raffaele;LM-46;Odontoiatria e protesi dentaria;M;86
2017/2018;1508;Milano San Raffaele;LM-51;Psicologia;F;171
2017/2018;1508;Milano San Raffaele;L-5;Filosofia;F;52
2017/2018;1509;Milano Bicocca;37;Scienze statistiche;M;2
2017/2018;1509;Milano Bicocca;32;Scienze matematiche;F;2
2017/2018;1509;Milano Bicocca;32;Scienze matematiche;M;4
2017/2018;1509;Milano Bicocca;34;Scienze e tecniche psicologiche;F;24
2017/2018;1509;Milano Bicocca;34;Scienze e tecniche psicologiche;M;8
2017/2018;1509;Milano Bicocca;36;Scienze sociologiche;F;6
2017/2018;1509;Milano Bicocca;18;Scienze dell'educazione e della formazione;F;70
2017/2018;1509;Milano Bicocca;37;Scienze statistiche;F;2
2017/2018;1509;Milano Bicocca;28;Scienze economiche;M;31
2017/2018;1509;Milano Bicocca;39;Scienze del turismo;F;6
2017/2018;1509;Milano Bicocca;46/S;Medicina e chirurgia;F;7
2017/2018;1509;Milano Bicocca;46/S;Medicina e chirurgia;M;3
2017/2018;1509;Milano Bicocca;57/S;Programmazione e gestione delle politiche e dei servizi sociali;F;8
2017/2018;1509;Milano Bicocca;57/S;Programmazione e gestione delle politiche e dei servizi sociali;M;1
2017/2018;1509;Milano Bicocca;58/S;Psicologia;F;2
2017/2018;1509;Milano Bicocca;36;Scienze sociologiche;M;6
2017/2018;1509;Milano Bicocca;23/S;Informatica;M;3
2017/2018;1508;Milano San Raffaele;L/SNT2;Professioni sanitarie della riabilitazione;M;57
2017/2018;1509;Milano Bicocca;19;Scienze dell'amministrazione;M;2
2017/2018;1509;Milano Bicocca;2;Scienze dei servizi giuridici;F;3
2017/2018;1509;Milano Bicocca;2;Scienze dei servizi giuridici;M;4
2017/2018;1509;Milano Bicocca;21;Scienze e tecnologie chimiche;M;2
2017/2018;1509;Milano Bicocca;22/S;Giurisprudenza;F;7
2017/2018;1509;Milano Bicocca;31;Scienze giuridiche;M;2
2017/2018;1509;Milano Bicocca;23/S;Informatica;F;1
2017/2018;1509;Milano Bicocca;31;Scienze giuridiche;F;7
2017/2018;1509;Milano Bicocca;25;Scienze e tecnologie fisiche;F;8
2017/2018;1509;Milano Bicocca;25;Scienze e tecnologie fisiche;M;9
2017/2018;1509;Milano Bicocca;26;Scienze e tecnologie informatiche;M;12
2017/2018;1509;Milano Bicocca;27;Scienze e tecnologie per l'ambiente e la natura;M;2
2017/2018;1509;Milano Bicocca;28;Scienze economiche;F;26
2017/2018;1509;Milano Bicocca;18;Scienze dell'educazione e della formazione;M;18
2017/2018;1509;Milano Bicocca;22/S;Giurisprudenza;M;2
2017/2018;1504;Milano Cattolica;LM-88;Sociologia e ricerca sociale;M;90
2017/2018;1508;Milano San Raffaele;L/SNT3;Professioni sanitarie tecniche;M;15
2017/2018;1504;Milano Cattolica;LM-85;Scienze pedagogiche;M;6
2017/2018;1504;Milano Cattolica;LM-85 bis;Scienze della formazione primaria;F;1666
2017/2018;1504;Milano Cattolica;LM-85 bis;Scienze della formazione primaria;M;59
2017/2018;1504;Milano Cattolica;LM-87;Servizio sociale e politiche sociali;F;101
2017/2018;1504;Milano Cattolica;LM-83;Scienze statistiche attuariali e finanziarie;M;109
2017/2018;1504;Milano Cattolica;LM-88;Sociologia e ricerca sociale;F;190
2017/2018;1504;Milano Cattolica;LM-83;Scienze statistiche attuariali e finanziarie;F;73
2017/2018;1504;Milano Cattolica;LM-89;Storia dell'arte;F;71
2017/2018;1504;Milano Cattolica;LM-89;Storia dell'arte;M;16
2017/2018;1504;Milano Cattolica;LM-93;Teorie e metodologie dell'e-learning e della media education;F;6
2017/2018;1504;Milano Cattolica;LM-93;Teorie e metodologie dell'e-learning e della media education;M;3
2017/2018;1504;Milano Cattolica;LMG/01;Classe delle lauree magistrali in giurisprudenza;F;1964
2017/2018;1504;Milano Cattolica;LMG/01;Classe delle lauree magistrali in giurisprudenza;M;1058
2017/2018;1504;Milano Cattolica;LM-87;Servizio sociale e politiche sociali;M;3
2017/2018;1504;Milano Cattolica;LM-76;Scienze economiche per l'ambiente e la cultura;M;42
2017/2018;1504;Milano Cattolica;LM-67;Scienze e tecniche delle attivit… motorie preventive e adattate;M;86
2017/2018;1504;Milano Cattolica;LM-69;Scienze e tecnologie agrarie;F;49
2017/2018;1504;Milano Cattolica;LM-69;Scienze e tecnologie agrarie;M;80
2017/2018;1504;Milano Cattolica;LM-70;Scienze e tecnologie alimentari;F;69
2017/2018;1504;Milano Cattolica;LM-85;Scienze pedagogiche;F;122
2017/2018;1504;Milano Cattolica;LM-76;Scienze economiche per l'ambiente e la cultura;F;150
2017/2018;1505;Milano IULM;14;Scienze della comunicazione;M;7
2017/2018;1504;Milano Cattolica;LM-77;Scienze economico-aziendali;F;1457
2017/2018;1504;Milano Cattolica;LM-77;Scienze economico-aziendali;M;1675
2017/2018;1504;Milano Cattolica;LM-78;Scienze filosofiche;F;59
2017/2018;1504;Milano Cattolica;LM-78;Scienze filosofiche;M;47
2017/2018;1504;Milano Cattolica;LM-81;Scienze per la cooperazione allo sviluppo;F;95
2017/2018;1504;Milano Cattolica;LM-81;Scienze per la cooperazione allo sviluppo;M;28
2017/2018;1504;Milano Cattolica;LM-70;Scienze e tecnologie alimentari;M;57
2017/2018;1505;Milano IULM;LM-94;Traduzione specialistica e interpretariato;F;146
2017/2018;1505;Milano IULM;LM-49;Progettazione e gestione dei sistemi turistici;M;2
2017/2018;1505;Milano IULM;LM-59;Scienze della comunicazione pubblica, d'impresa e pubblicit…;F;259
2017/2018;1505;Milano IULM;LM-59;Scienze della comunicazione pubblica, d'impresa e pubblicit…;M;133
2017/2018;1505;Milano IULM;LM-65;Scienze dello spettacolo e produzione multimediale;F;110
2017/2018;1505;Milano IULM;LM-65;Scienze dello spettacolo e produzione multimediale;M;93
2017/2018;1504;Milano Cattolica;SNT/3;Professioni sanitarie tecniche;M;1
2017/2018;1505;Milano IULM;LM-89;Storia dell'arte;M;15
2017/2018;1505;Milano IULM;L-3;Discipline delle arti figurative, della musica, dello spettacolo e della moda;M;55
2017/2018;1505;Milano IULM;LM-94;Traduzione specialistica e interpretariato;M;23
2017/2018;1508;Milano San Raffaele;1;Biotecnologie;F;1
2017/2018;1508;Milano San Raffaele;29;Filosofia;F;3
2017/2018;1508;Milano San Raffaele;L/SNT1;Professioni sanitarie, infermieristiche e professione sanitaria ostetrica;F;164
2017/2018;1508;Milano San Raffaele;L/SNT1;Professioni sanitarie, infermieristiche e professione sanitaria ostetrica;M;37
2017/2018;1508;Milano San Raffaele;L/SNT2;Professioni sanitarie della riabilitazione;F;41
2017/2018;1505;Milano IULM;LM-89;Storia dell'arte;F;73
2017/2018;1505;Milano IULM;L-12;Mediazione linguistica;M;111
2017/2018;1509;Milano Bicocca;84/S;Scienze economico-aziendali;F;2
2017/2018;1505;Milano IULM;23;Scienze e tecnologie delle arti figurative, della musica, dello spettacolo e della moda;F;2
2017/2018;1505;Milano IULM;3;Scienze della mediazione linguistica;F;3
2017/2018;1505;Milano IULM;39;Scienze del turismo;F;2
2017/2018;1505;Milano IULM;59/S;Pubblicit… e comunicazione d'impresa;F;1
2017/2018;1505;Milano IULM;99998;Corsi del vecchio ordinamento;F;23
2017/2018;1505;Milano IULM;LM-49;Progettazione e gestione dei sistemi turistici;F;16
2017/2018;1505;Milano IULM;L-12;Mediazione linguistica;F;593
2017/2018;1505;Milano IULM;LM-38;Lingue moderne per la comunicazione e la cooperazione internazionale;F;5
2017/2018;1505;Milano IULM;L-15;Scienze del turismo;F;231
2017/2018;1505;Milano IULM;L-15;Scienze del turismo;M;129
2017/2018;1505;Milano IULM;L-20;Scienze della comunicazione;F;2260
2017/2018;1505;Milano IULM;L-20;Scienze della comunicazione;M;1102
2017/2018;1505;Milano IULM;L-3;Discipline delle arti figurative, della musica, dello spettacolo e della moda;F;325
2017/2018;1505;Milano IULM;14;Scienze della comunicazione;F;21
2017/2018;1505;Milano IULM;99998;Corsi del vecchio ordinamento;M;2
2017/2018;1509;Milano Bicocca;LM-76;Scienze economiche per l'ambiente e la cultura;F;70
2017/2018;1509;Milano Bicocca;6;Scienze del servizio sociale;F;3
2017/2018;1509;Milano Bicocca;LM-63;Scienze delle pubbliche amministrazioni;F;149
2017/2018;1509;Milano Bicocca;LM-63;Scienze delle pubbliche amministrazioni;M;87
2017/2018;1509;Milano Bicocca;LM-74;Scienze e tecnologie geologiche;F;38
2017/2018;1509;Milano Bicocca;LM-74;Scienze e tecnologie geologiche;M;67
2017/2018;1509;Milano Bicocca;LM-6;Biologia;F;123
2017/2018;1509;Milano Bicocca;LM-75;Scienze e tecnologie per l'ambiente e il territorio;M;107
2017/2018;1509;Milano Bicocca;LM-58;Scienze dell'universo;M;29
2017/2018;1509;Milano Bicocca;LM-76;Scienze economiche per l'ambiente e la cultura;M;49
2017/2018;1509;Milano Bicocca;LM-77;Scienze economico-aziendali;F;403
2017/2018;1509;Milano Bicocca;LM-77;Scienze economico-aziendali;M;397
2017/2018;1509;Milano Bicocca;LM-8;Biotecnologie industriali;F;96
2017/2018;1509;Milano Bicocca;LM-8;Biotecnologie industriali;M;86
2017/2018;1509;Milano Bicocca;LM-82;Scienze statistiche;F;134
2017/2018;1509;Milano Bicocca;LM-75;Scienze e tecnologie per l'ambiente e il territorio;F;91
2017/2018;1509;Milano Bicocca;LM-54;Scienze chimiche;F;50
2017/2018;1509;Milano Bicocca;LM-46;Odontoiatria e protesi dentaria;M;70
2017/2018;1509;Milano Bicocca;LM-49;Progettazione e gestione dei sistemi turistici;F;68
2017/2018;1509;Milano Bicocca;LM-49;Progettazione e gestione dei sistemi turistici;M;27
2017/2018;1509;Milano Bicocca;LM-51;Psicologia;F;978
2017/2018;1509;Milano Bicocca;LM-51;Psicologia;M;194
2017/2018;1509;Milano Bicocca;LM-6;Biologia;M;40
2017/2018;1509;Milano Bicocca;LM-53;Scienza e ingegneria dei materiali;M;34
2017/2018;1509;Milano Bicocca;LM-83;Scienze statistiche attuariali e finanziarie;M;4
2017/2018;1509;Milano Bicocca;LM-54;Scienze chimiche;M;55
2017/2018;1509;Milano Bicocca;LM-56;Scienze dell'economia;F;36
2017/2018;1509;Milano Bicocca;LM-56;Scienze dell'economia;M;50
2017/2018;1509;Milano Bicocca;LM-57;Scienze dell'educazione degli adulti e della formazione continua;F;310
2017/2018;1509;Milano Bicocca;LM-57;Scienze dell'educazione degli adulti e della formazione continua;M;92
2017/2018;1509;Milano Bicocca;LM-58;Scienze dell'universo;F;10
2017/2018;1509;Milano Bicocca;LM-53;Scienza e ingegneria dei materiali;F;16
2017/2018;1509;Milano Bicocca;SNT/1;Professioni sanitarie, infermieristiche e professione sanitaria ostetrica;F;2
2017/2018;1510;Rozzano (MI) Humanitas University;L/SNT1;Professioni sanitarie, infermieristiche e professione sanitaria ostetrica;F;123
2017/2018;1510;Rozzano (MI) Humanitas University;L/SNT1;Professioni sanitarie, infermieristiche e professione sanitaria ostetrica;M;47
2017/2018;1510;Rozzano (MI) Humanitas University;L/SNT2;Professioni sanitarie della riabilitazione;F;22
2017/2018;1510;Rozzano (MI) Humanitas University;L/SNT2;Professioni sanitarie della riabilitazione;M;31
2017/2018;1509;Milano Bicocca;LM-82;Scienze statistiche;M;139
2017/2018;1510;Rozzano (MI) Humanitas University;LM-41;Medicina e chirurgia;M;207
2017/2018;1509;Milano Bicocca;LM-92;Teorie della comunicazione;M;49
2017/2018;1510;Rozzano (MI) Humanitas University;LM-41;Medicina e chirurgia;F;294
2017/2018;1509;Milano Bicocca;LM-88;Sociologia e ricerca sociale;M;39
2017/2018;1509;Milano Bicocca;LM-41;Medicina e chirurgia;F;480
2017/2018;1509;Milano Bicocca;LM-85;Scienze pedagogiche;F;661
2017/2018;1509;Milano Bicocca;LM-85;Scienze pedagogiche;M;63
2017/2018;1509;Milano Bicocca;LM-85 bis;Scienze della formazione primaria;F;1885
2017/2018;1509;Milano Bicocca;LM-85 bis;Scienze della formazione primaria;M;97
2017/2018;1509;Milano Bicocca;LM-87;Servizio sociale e politiche sociali;F;179
2017/2018;1509;Milano Bicocca;LMG/01;Classe delle lauree magistrali in giurisprudenza;M;741
2017/2018;1509;Milano Bicocca;LM-88;Sociologia e ricerca sociale;F;58
2017/2018;1509;Milano Bicocca;LMG/01;Classe delle lauree magistrali in giurisprudenza;F;1509
2017/2018;1509;Milano Bicocca;LM-9;Biotecnologie mediche, veterinarie e farmaceutiche;F;61
2017/2018;1509;Milano Bicocca;LM-9;Biotecnologie mediche, veterinarie e farmaceutiche;M;27
2017/2018;1509;Milano Bicocca;LM-91;Tecniche e metodi per la societa dell'informazione;F;14
2017/2018;1509;Milano Bicocca;LM-91;Tecniche e metodi per la societa dell'informazione;M;70
2017/2018;1509;Milano Bicocca;LM-92;Teorie della comunicazione;F;106
2017/2018;1509;Milano Bicocca;LM-83;Scienze statistiche attuariali e finanziarie;F;8
2017/2018;1509;Milano Bicocca;LM-87;Servizio sociale e politiche sociali;M;32
2017/2018;1509;Milano Bicocca;L-19;Scienze dell'educazione e della formazione;M;289
2017/2018;1509;Milano Bicocca;L-15;Scienze del turismo;F;461
2017/2018;1509;Milano Bicocca;L-15;Scienze del turismo;M;152
2017/2018;1509;Milano Bicocca;L-16;Scienze dell'amministrazione e dell'organizzazione;F;406
2017/2018;1509;Milano Bicocca;L-16;Scienze dell'amministrazione e dell'organizzazione;M;260
2017/2018;1509;Milano Bicocca;L-18;Scienze dell'economia e della gestione aziendale;F;1506
2017/2018;1509;Milano Bicocca;L-27;Scienze e tecnologie chimiche;F;182
2017/2018;1509;Milano Bicocca;L-19;Scienze dell'educazione e della formazione;F;1934
2017/2018;1509;Milano Bicocca;L-13;Scienze biologiche;M;206
2017/2018;1509;Milano Bicocca;L-2;Biotecnologie;F;354
2017/2018;1509;Milano Bicocca;L-2;Biotecnologie;M;266
2017/2018;1509;Milano Bicocca;L-20;Scienze della comunicazione;F;874
2017/2018;1509;Milano Bicocca;L-20;Scienze della comunicazione;M;269
2017/2018;1509;Milano Bicocca;L-24;Scienze e tecniche psicologiche;F;1349
2017/2018;1509;Milano Bicocca;LM-46;Odontoiatria e protesi dentaria;F;80
2017/2018;1509;Milano Bicocca;L-18;Scienze dell'economia e della gestione aziendale;M;2160
2017/2018;1509;Milano Bicocca;L/SNT1;Professioni sanitarie, infermieristiche e professione sanitaria ostetrica;M;165
2017/2018;1504;Milano Cattolica;LM-63;Scienze delle pubbliche amministrazioni;M;46
2017/2018;1509;Milano Bicocca;84/S;Scienze economico-aziendali;M;1
2017/2018;1509;Milano Bicocca;87/S;Scienze pedagogiche;F;3
2017/2018;1509;Milano Bicocca;87/S;Scienze pedagogiche;M;1
2017/2018;1509;Milano Bicocca;89/S;Sociologia;M;2
2017/2018;1509;Milano Bicocca;99998;Corsi del vecchio ordinamento;F;117
2017/2018;1509;Milano Bicocca;L-14;Scienze dei servizi giuridici;M;300
2017/2018;1509;Milano Bicocca;L/SNT1;Professioni sanitarie, infermieristiche e professione sanitaria ostetrica;F;775
2017/2018;1509;Milano Bicocca;L-14;Scienze dei servizi giuridici;F;612
2017/2018;1509;Milano Bicocca;L/SNT2;Professioni sanitarie della riabilitazione;F;139
2017/2018;1509;Milano Bicocca;L/SNT2;Professioni sanitarie della riabilitazione;M;102
2017/2018;1509;Milano Bicocca;L/SNT3;Professioni sanitarie tecniche;F;121
2017/2018;1509;Milano Bicocca;L/SNT3;Professioni sanitarie tecniche;M;101
2017/2018;1509;Milano Bicocca;L-13;Scienze biologiche;F;442
2017/2018;1509;Milano Bicocca;L-27;Scienze e tecnologie chimiche;M;351
2017/2018;1509;Milano Bicocca;99998;Corsi del vecchio ordinamento;M;2
2017/2018;1509;Milano Bicocca;LM-17;Fisica;F;37
2017/2018;1509;Milano Bicocca;L-41;Statistica;M;530
2017/2018;1509;Milano Bicocca;LM/SNT1;Scienze infermieristiche e ostetriche;F;61
2017/2018;1509;Milano Bicocca;LM/SNT1;Scienze infermieristiche e ostetriche;M;14
2017/2018;1509;Milano Bicocca;LM-1;Antropologia culturale ed etnologia;F;186
2017/2018;1509;Milano Bicocca;LM-1;Antropologia culturale ed etnologia;M;76
2017/2018;1509;Milano Bicocca;L-24;Scienze e tecniche psicologiche;M;368
2017/2018;1509;Milano Bicocca;LM-16;Finanza;M;204
2017/2018;1509;Milano Bicocca;L-40;Sociologia;F;622
2017/2018;1509;Milano Bicocca;LM-17;Fisica;M;106
2017/2018;1509;Milano Bicocca;LM-18;Informatica;F;26
2017/2018;1509;Milano Bicocca;LM-18;Informatica;M;224
2017/2018;1509;Milano Bicocca;LM-40;Matematica;F;22
2017/2018;1509;Milano Bicocca;LM-40;Matematica;M;44
2017/2018;1509;Milano Bicocca;65/S;Scienze dell'educazione degli adulti e della formazione continua;F;2
2017/2018;1509;Milano Bicocca;LM-16;Finanza;F;81
2017/2018;1509;Milano Bicocca;L-34;Scienze geologiche;F;116
2017/2018;1509;Milano Bicocca;L-30;Scienze e tecnologie fisiche;F;405
2017/2018;1509;Milano Bicocca;L-30;Scienze e tecnologie fisiche;M;653
2017/2018;1509;Milano Bicocca;L-31;Scienze e tecnologie informatiche;F;111
2017/2018;1509;Milano Bicocca;L-31;Scienze e tecnologie informatiche;M;1186
2017/2018;1509;Milano Bicocca;L-32;Scienze e tecnologie per l'ambiente e la natura;F;117
2017/2018;1509;Milano Bicocca;L-32;Scienze e tecnologie per l'ambiente e la natura;M;205
2017/2018;1509;Milano Bicocca;L-41;Statistica;F;289
2017/2018;1509;Milano Bicocca;L-33;Scienze economiche;M;702
2017/2018;1509;Milano Bicocca;L-40;Sociologia;M;296
2017/2018;1509;Milano Bicocca;L-34;Scienze geologiche;M;253
2017/2018;1509;Milano Bicocca;L-35;Scienze matematiche;F;178
2017/2018;1509;Milano Bicocca;L-35;Scienze matematiche;M;195
2017/2018;1509;Milano Bicocca;L-39;Servizio sociale;F;288
2017/2018;1509;Milano Bicocca;L-39;Servizio sociale;M;27
2017/2018;1509;Milano Bicocca;LM-41;Medicina e chirurgia;M;402
2017/2018;1509;Milano Bicocca;L-33;Scienze economiche;F;434
